Date,Open,High,Low ,Close,Volume
28-Dec-18,1123.3,1135.9,1122,1125.8,343132
27-Dec-18,1105,1125.9,1104.45,1120,454773
26-Dec-18,1087,1100.65,1066.55,1096.95,474923
24-Dec-18,1101.8,1103,1086.5,1090.05,270421
21-Dec-18,1128.3,1131.4,1095,1098.35,835175
20-Dec-18,1124,1131.95,1116.5,1127.25,306576
19-Dec-18,1138.65,1146.55,1131.4,1137.1,1116276
18-Dec-18,1122,1139.5,1120.8,1136.45,300671
17-Dec-18,1114.7,1133.8,1110.3,1130.6,374864
14-Dec-18,1103.9,1115,1092.6,1111.75,384977
13-Dec-18,1125.6,1126.35,1096.55,1106.8,632140
12-Dec-18,1100,1113.35,1088.1,1110.5,1035909
11-Dec-18,1066.1,1100.2,1055.35,1096.2,957115
10-Dec-18,1112.65,1112.75,1084,1088.5,1104729
07-Dec-18,1132.8,1135.2,1109.1,1133.25,256042
06-Dec-18,1147.5,1147.85,1118.25,1123.45,249128
05-Dec-18,1144.7,1159,1139.6,1154.85,268318
04-Dec-18,1157,1157.4,1142.95,1151.55,206600
03-Dec-18,1172.05,1174,1148.65,1156.3,292260
30-Nov-18,1172,1186,1162.95,1168.2,454515
29-Nov-18,1159,1179.9,1158.8,1170,413830
28-Nov-18,1132.3,1157.7,1126.5,1146.25,1098006
27-Nov-18,1109.5,1129.4,1101.7,1127.5,264152
26-Nov-18,1109.95,1117.25,1098.05,1109.6,279608
22-Nov-18,1114.7,1125.1,1100,1102.85,360992
21-Nov-18,1137,1145.4,1107.05,1112.3,499461
20-Nov-18,1146,1155.45,1130.4,1138.65,472247
19-Nov-18,1132,1151.4,1131.2,1149.6,514395
16-Nov-18,1096.1,1129.3,1096.1,1127.5,702952
15-Nov-18,1096,1102.85,1087.1,1096.9,286257
14-Nov-18,1105,1112.85,1087,1096.1,420083
13-Nov-18,1075.9,1102.8,1071,1099.55,363436
12-Nov-18,1098.5,1100.05,1074.3,1078.75,259275
09-Nov-18,1106,1113.3,1086,1093.35,379720
07-Nov-18,1116.8,1117,1106.6,1110.55,99786
06-Nov-18,1094.3,1111.95,1093.05,1103.45,661149
05-Nov-18,1074,1093.5,1064.5,1088.55,5052059
02-Nov-18,1067.8,1081,1063,1074.25,4308094
01-Nov-18,1066.4,1068.8,1050.3,1056.9,393976
31-Oct-18,1064.7,1065.7,1047.65,1061.4,3153168
30-Oct-18,1087.45,1087.45,1052,1057.15,558189
29-Oct-18,1047.7,1093.15,1047,1088,535561
26-Oct-18,1040,1056.75,1022.15,1044.7,647855
25-Oct-18,1036,1040.05,1017,1030.2,704437
24-Oct-18,1074,1074.95,1031,1046.6,584557
23-Oct-18,1053,1064.5,1043.7,1052.6,527427
22-Oct-18,1111,1114.8,1057.35,1062.45,646574
19-Oct-18,1103.9,1110,1073.15,1101.65,1461537
17-Oct-18,1180,1180.95,1141,1148.9,1452993
16-Oct-18,1146.15,1168,1140.8,1163.65,464449
15-Oct-18,1133.3,1146.35,1119.25,1139.8,397762
12-Oct-18,1102.5,1129,1102,1126.4,446104
11-Oct-18,1067.8,1114.4,1043.05,1089.2,765397
10-Oct-18,1095,1114.7,1085.1,1102.35,404719
09-Oct-18,1121.1,1123.5,1080.75,1090.4,620130
08-Oct-18,1048.85,1115.35,1025.2,1107.95,1330634
05-Oct-18,1102.6,1115.55,1039.55,1049.85,1164483
04-Oct-18,1199,1199,1105.05,1120.55,1482416
03-Oct-18,1233.1,1239.75,1198.7,1205.3,430421
01-Oct-18,1258.2,1260,1204.3,1231.55,366797
28-Sep-18,1260,1271.1,1247.65,1258.2,648062
27-Sep-18,1259.8,1263.25,1238.6,1252.9,389427
26-Sep-18,1235.2,1254.1,1226.8,1251.75,337685
25-Sep-18,1233.3,1244.9,1195.75,1230.6,396784
24-Sep-18,1216,1239.9,1204.25,1232.3,451884
21-Sep-18,1220.05,1237.1,1183.2,1216.85,566364
19-Sep-18,1225,1227,1201.2,1210.3,861320
18-Sep-18,1224,1238.9,1214.25,1217.2,314415
17-Sep-18,1251.9,1251.9,1220.5,1226.25,371950
14-Sep-18,1261,1275,1248.55,1252.8,294230
12-Sep-18,1244.45,1257.65,1229.85,1252.7,459285
11-Sep-18,1260,1267.75,1235,1238.45,366025
10-Sep-18,1275,1276.75,1251.55,1257.15,343489
07-Sep-18,1267.7,1279.9,1254.85,1276.75,430464
06-Sep-18,1230,1263.8,1226,1260.15,558949
05-Sep-18,1245,1252.45,1210,1225.8,1203980
04-Sep-18,1235,1254.75,1230,1242.35,433632
03-Sep-18,1249,1258,1227.5,1230.4,1220847
31-Aug-18,1273.8,1273.8,1237.05,1240.95,1284024
30-Aug-18,1300,1300,1270.45,1274.1,1802595
29-Aug-18,1319,1328.75,1290.3,1294.45,570571
28-Aug-18,1298.75,1323,1295.5,1318.2,484736
27-Aug-18,1280.05,1296.2,1280,1291.6,288953
24-Aug-18,1265,1280,1260.9,1278.05,378371
23-Aug-18,1244,1273.55,1238.6,1269.7,364123
21-Aug-18,1236,1251,1227.15,1246.5,427978
20-Aug-18,1206.5,1238.05,1206.5,1234.9,561333
17-Aug-18,1206,1215,1200.25,1203.45,190969
16-Aug-18,1206.4,1215.7,1196.25,1200.2,323707
14-Aug-18,1187.2,1216.4,1185.25,1210.95,313057
13-Aug-18,1203,1203,1183.05,1187.15,223453
10-Aug-18,1215,1215.3,1201.95,1204,171098
09-Aug-18,1220,1231.5,1212,1217.95,528555
08-Aug-18,1188.4,1222,1186,1217.25,477703
07-Aug-18,1196,1200,1178.3,1183.55,210322
06-Aug-18,1180,1196,1174.85,1191.5,267933
03-Aug-18,1175,1183.85,1169.5,1176.75,278816
02-Aug-18,1192.35,1194.5,1166,1168.35,280942
01-Aug-18,1195,1202.95,1185.95,1191.15,510625
31-Jul-18,1150,1190,1145,1185.85,1165189
30-Jul-18,1136,1157.55,1126.6,1149.7,713184
27-Jul-18,1117.2,1137,1112.8,1129.6,447361
26-Jul-18,1113,1121,1107.7,1110.35,154028
25-Jul-18,1112.25,1122.3,1104.55,1114.05,265010
24-Jul-18,1122,1126.1,1107.65,1110.55,305391
23-Jul-18,1129.7,1130,1114,1120.15,205750
20-Jul-18,1110.5,1138.25,1110.5,1128.55,446801
19-Jul-18,1095,1114,1086.8,1103.9,778552
18-Jul-18,1097.9,1104.5,1079,1090.55,278593
17-Jul-18,1079,1095,1069.15,1091.7,287860
16-Jul-18,1098.05,1108.5,1073,1076.15,446819
13-Jul-18,1082.9,1107.25,1080.9,1096.75,874481
12-Jul-18,1043.15,1098.8,1043.15,1082.2,1370508
11-Jul-18,1025,1038.7,1017,1036.35,405557
10-Jul-18,1001.5,1028.5,1001.5,1025.75,610926
09-Jul-18,985.5,998.7,983.3,995.65,288087
06-Jul-18,965.9,982.45,964.8,976.5,336533
05-Jul-18,998.7,1008.5,960.1,965,1290356
04-Jul-18,974.8,992,972,990.05,337151
03-Jul-18,964,978.25,961,971.6,224859
02-Jul-18,973,973.5,957.55,961.05,208435
29-Jun-18,952,977.75,949.7,972.95,325103
28-Jun-18,965.05,969,941.35,944.7,284818
27-Jun-18,980,985.75,960.5,965.3,354116
26-Jun-18,1003.6,1005.05,975.5,978.7,368880
25-Jun-18,1017,1017,1001.95,1003.55,210904
22-Jun-18,1030,1030,1008.6,1012.3,6655065
21-Jun-18,1023,1035.8,1020.4,1032.35,444333
20-Jun-18,996.5,1021.75,996,1019.95,340911
19-Jun-18,1015,1015,993.05,995.65,236423
18-Jun-18,1010.8,1018.6,1007.7,1015,292408
15-Jun-18,1007.5,1023.5,999.75,1013.85,412936
14-Jun-18,996.2,1011.7,988.2,1007.5,294056
13-Jun-18,999,1004.9,990,1002.1,343686
12-Jun-18,982.2,998,980.45,995.4,243324
11-Jun-18,984.35,999.5,978.2,982.45,832408
08-Jun-18,968.9,986.5,960.55,983.4,266305
07-Jun-18,955,975.6,955,971.4,329983
06-Jun-18,948.9,955.4,942.55,953.4,183682
05-Jun-18,941.25,955,941.2,947.85,289429
04-Jun-18,934.8,943.75,932,939.35,1868577
01-Jun-18,921.3,934.9,919.1,929.2,2034925
31-May-18,919.35,924,916.5,921.3,2016619
30-May-18,914,922.8,907.1,917.35,482165
29-May-18,920.05,927.9,914.15,917,227379
28-May-18,923.55,927.15,918.95,921,1353411
25-May-18,918.05,924.25,915.6,921.75,175102
24-May-18,916.7,920.95,910.85,916.05,238484
23-May-18,927,927.1,909.05,912.25,275631
22-May-18,933,934.2,924.5,926.9,220896
21-May-18,932,935.4,922,931.95,233114
18-May-18,946,953.55,931.5,933.4,484887
17-May-18,959.9,960.7,942.5,945.15,1414396
16-May-18,976.3,976.3,954.4,956.45,1288716
15-May-18,980,999.3,977,979.35,305063
14-May-18,993.9,993.9,976.4,984.85,167118
11-May-18,982.8,990.15,977.25,988.5,343688
10-May-18,977.1,984,974.5,980.7,319954
09-May-18,967.65,982.65,962,975.3,333659
08-May-18,973.55,982,965.15,967.65,337704
07-May-18,958,974,956.5,971.85,350888
04-May-18,963.95,964.5,949.65,953.9,179721
03-May-18,977,978.8,959.3,962.6,319978
02-May-18,968.8,978.2,966.25,973,309846
30-Apr-18,984.7,992,961,963.1,549488
27-Apr-18,988.25,1010.7,988.25,994.75,1092703
26-Apr-18,972,988,963.4,975.35,530962
25-Apr-18,972.55,981.45,964.5,970.7,425381
24-Apr-18,937.7,974.5,935,969.75,511300
23-Apr-18,927.3,942.95,926,935.15,159076
20-Apr-18,939,941.6,921.45,928.05,214926
19-Apr-18,938.2,943.95,935.1,941.25,366035
18-Apr-18,945,948.25,934,937,205557
17-Apr-18,938.25,947.5,936.1,943.7,365055
16-Apr-18,935,939.9,928.3,937.25,147413
13-Apr-18,931.15,941.4,929.1,938.85,723849
12-Apr-18,930,935.3,923.1,927.55,381070
11-Apr-18,920.1,931,916.65,929.05,442774
10-Apr-18,918,922.45,913.35,916.45,518840
09-Apr-18,912.95,917.75,911.4,916.05,289846
06-Apr-18,909.9,917.2,905,909.75,421073
05-Apr-18,902.55,910,902.55,906.75,465637
04-Apr-18,905.5,911.15,892.35,895.1,186330
03-Apr-18,890,901,886.1,898.8,172194
02-Apr-18,890.5,901.2,886.4,892.7,469960
28-Mar-18,895.05,896,881,882.8,324237
27-Mar-18,905.05,910.05,897.5,899.95,300370
26-Mar-18,892.85,904.5,892,901.05,567273
23-Mar-18,893.4,899.7,890,892.85,416270
22-Mar-18,896.5,910.6,895.2,907.3,810933
21-Mar-18,895.8,901.95,892,896.35,254485
20-Mar-18,899.1,903.6,887,889.55,285669
19-Mar-18,903.8,906.1,892.35,895.3,271227
16-Mar-18,910,910,886.4,900.5,614239
15-Mar-18,928.7,928.7,910,912.25,344267
14-Mar-18,926.55,931.2,919.55,928.6,176000
13-Mar-18,929.35,935.35,921.6,930.6,196941
12-Mar-18,918.9,933,916.2,929.35,288520
09-Mar-18,915,919,910,912.05,178146
08-Mar-18,899.7,913.9,894.3,911.6,312892
07-Mar-18,908.6,909.3,888.3,891.55,337383
06-Mar-18,929.7,936,903.15,910.9,288116
05-Mar-18,944.5,949.9,922,924.2,652534
01-Mar-18,950.85,958.8,946,947.7,173780
28-Feb-18,944.5,954.9,937,952.45,231622
27-Feb-18,939,955.5,938.6,949.95,342196
26-Feb-18,936.1,944.75,936.1,938.6,197775
23-Feb-18,924.2,937,923.75,934,204349
22-Feb-18,923.15,930.75,920,923.9,161502
21-Feb-18,927,931,922,928.35,201220
20-Feb-18,928,930,916,919.4,183167
19-Feb-18,920.3,930.6,914.4,925.85,239308
16-Feb-18,937.35,942,918.65,921.7,241125
15-Feb-18,936.05,945,928.3,934.05,312747
14-Feb-18,921.65,941.5,920.8,932.4,429100
12-Feb-18,901.1,918,901.1,914.7,354136
09-Feb-18,891.95,902.25,886.5,897.95,402311
08-Feb-18,896.35,910,892.05,903.6,417327
07-Feb-18,900.55,905.5,890.55,894,374725
06-Feb-18,880,897.95,872.1,892.75,1041277
05-Feb-18,895.8,912,882.7,904.45,386485
02-Feb-18,938.7,943.25,903,905.7,701244
01-Feb-18,964.4,971.25,938.2,944.1,758632
31-Jan-18,950,964.9,942,961.15,457062
30-Jan-18,964,964.3,945.55,949.25,694016
29-Jan-18,966,976.55,960.1,963.8,418040
25-Jan-18,970,971.45,957.25,964.55,421966
24-Jan-18,981.9,981.9,960.5,964.55,441731
23-Jan-18,975,990,975,981.7,669605
22-Jan-18,948.5,974.5,940.1,971.2,1773742
19-Jan-18,922,932.35,922,929.35,600361
18-Jan-18,930,930,911,919.3,354147
17-Jan-18,925,928.65,908,924.65,360307
16-Jan-18,949,949,920,923.5,479344
15-Jan-18,950.2,957.55,945.2,947.6,445379
12-Jan-18,942,951.85,938.1,946.75,596333
11-Jan-18,941.75,942.75,935,937.2,268912
10-Jan-18,945,946.75,935.4,941.5,352402
09-Jan-18,929.05,943.95,924,940.9,519256
08-Jan-18,924.1,930.2,923.6,928.45,332558
05-Jan-18,920.5,925.85,919.45,923,406686
04-Jan-18,919,921.8,916,920.25,238922
03-Jan-18,924.45,927.2,913.3,916.35,515755
02-Jan-18,915,919.2,907.25,911.4,1763025
01-Jan-18,922,923,909.7,911.55,242669
29-Dec-17,925.9,932.25,918.1,921.05,913689
28-Dec-17,923.2,934.2,918.65,924.4,557798
27-Dec-17,930.15,936.75,918.35,922.3,390127
26-Dec-17,923,936.6,918.6,928,404624
22-Dec-17,916,922,910.2,918.5,295905
21-Dec-17,920,923.2,911.1,913.05,312577
20-Dec-17,925,927,917,918.75,575306
19-Dec-17,921.5,926.9,920.05,924,529672
18-Dec-17,917,931.25,861.7,919.4,568232
15-Dec-17,929.2,933,917.5,919.9,414425
14-Dec-17,920,925,909,920.55,1041124
13-Dec-17,919.75,924.3,912,914,556810
12-Dec-17,913.5,928.95,907.9,915.05,535672
11-Dec-17,920.8,925.45,913.5,915.9,428087
08-Dec-17,937,937,919.65,920.95,365165
07-Dec-17,927.1,933.95,922.8,930.65,473398
06-Dec-17,913.8,930.5,909.2,927.5,1026271
05-Dec-17,900.35,918.9,895.9,911.5,517058
04-Dec-17,915.75,917.9,898,901.5,452210
01-Dec-17,925,931.1,908,909.85,312694
30-Nov-17,940,952,920,922.6,299035
29-Nov-17,942.95,949.8,938,945.45,506994
28-Nov-17,949.45,950.95,938.25,942.95,227961
27-Nov-17,948,955.75,943.5,950.7,316710
24-Nov-17,948,959,946.65,949.5,508893
23-Nov-17,925.65,948,925.65,945.15,553671
22-Nov-17,937.05,938.7,924.55,930.25,417327
21-Nov-17,925,939.7,924,932.4,477835
20-Nov-17,910,924,905.25,918.85,429005
17-Nov-17,917.6,924.75,907.1,909.7,443239
16-Nov-17,882.5,905,882.5,902.45,642828
15-Nov-17,886,889.85,878,882.4,1129619
14-Nov-17,875,894.5,873,886.2,289538
13-Nov-17,883.5,891.35,873,875.15,282688
10-Nov-17,900,901,880.35,883.5,302328
09-Nov-17,895.1,909.1,892,901.55,320008
08-Nov-17,907,908.9,885.1,888.25,368861
07-Nov-17,934.45,935,903.15,906.65,426181
06-Nov-17,944,945,929,934.45,405565
03-Nov-17,953.3,953.3,940.5,945.6,725344
02-Nov-17,954,956.9,944.2,947.1,513714
01-Nov-17,946,957.4,945.9,952.3,455586
31-Oct-17,943,945,932.1,940.8,476464
30-Oct-17,931,945,931,940.15,435289
27-Oct-17,950.1,956.5,926.4,929.45,4100930
26-Oct-17,938.35,958.2,931.5,947.25,694575
25-Oct-17,940,945.75,930,939.95,448754
24-Oct-17,947.1,947.1,928.3,934.75,320250
23-Oct-17,911.15,943.45,909.9,938.1,540383
19-Oct-17,916.7,921.75,903.25,910.35,278563
18-Oct-17,875.55,917,875.15,913.75,1010077
17-Oct-17,878.9,883.95,867.3,874.25,332838
16-Oct-17,879.9,891.7,861.75,875.2,630948
13-Oct-17,880,891,874.25,876.7,625450
12-Oct-17,841,876.2,841,872.5,632480
11-Oct-17,845,857.9,836.3,840.4,426076
10-Oct-17,831,846.9,830.75,843.4,316112
09-Oct-17,836.85,838,828.25,830.75,252670
06-Oct-17,824.9,838.9,822.65,836.85,279656
05-Oct-17,825,828.25,818.75,824.2,354967
04-Oct-17,798.35,824.95,795.5,819.2,410935
03-Oct-17,792.35,803.7,786.25,798.35,606837
29-Sep-17,791,793.5,780,782.15,643300
28-Sep-17,800,802.5,781.15,786.75,915584
27-Sep-17,827.5,827.5,795.5,798.6,590896
26-Sep-17,820.5,827,812.5,819.2,459787
25-Sep-17,817.9,827.7,805.3,820.45,713622
22-Sep-17,840.7,840.7,814,817.5,447324
21-Sep-17,848,851.4,837,841.3,415569
20-Sep-17,856.25,872.1,845,847.1,745756
19-Sep-17,849,849,837.55,840,199852
18-Sep-17,847,851.3,843.1,845.4,272693
15-Sep-17,842.1,852.15,835.4,843.4,414656
14-Sep-17,857,861.4,842,844.2,466073
13-Sep-17,824,859.25,822.5,849.1,751535
12-Sep-17,822.1,824.6,817.45,823.3,140436
11-Sep-17,820.4,827,816.05,818.1,982073
08-Sep-17,820.1,823.6,812.8,817.15,293009
07-Sep-17,824,832.7,816.5,818.9,639020
06-Sep-17,1631.4,1652.4,1625,1644.6,949193
05-Sep-17,1619,1634.9,1619,1633,1047047
04-Sep-17,1615,1635.75,1596.2,1611.35,1027025
01-Sep-17,1601.8,1615.95,1598.2,1609.35,202910
31-Aug-17,1570.3,1597.5,1570.3,1593.5,314208
30-Aug-17,1545,1568.6,1543.6,1564.15,188965
29-Aug-17,1560,1566.8,1530,1531.75,203547
28-Aug-17,1579,1582.25,1561.7,1565.8,133246
24-Aug-17,1591.7,1592.2,1564.6,1567.4,168554
23-Aug-17,1567,1585,1554,1581.3,191458
22-Aug-17,1574,1579.5,1558,1563.35,159019
21-Aug-17,1577.05,1585.1,1563,1565.8,436281
18-Aug-17,1566,1579.5,1553.65,1575.4,142815
17-Aug-17,1571.7,1596.85,1560.1,1566.05,313387
16-Aug-17,1571,1578,1550.55,1566.95,239849
14-Aug-17,1556.5,1585,1556.5,1573.15,291672
11-Aug-17,1554.9,1578,1535.5,1546.55,251961
10-Aug-17,1597.95,1606.85,1577.3,1584.05,339199
09-Aug-17,1600,1619.9,1585.75,1598.85,193556
08-Aug-17,1620,1621,1588.25,1603.4,207090
07-Aug-17,1629.6,1632,1612.8,1616.6,202763
04-Aug-17,1660.55,1663.2,1615.55,1622.5,284552
03-Aug-17,1629.9,1665,1616.9,1651.55,381187
02-Aug-17,1608.6,1636,1605,1629.1,334548
01-Aug-17,1623.85,1625,1591.6,1603.55,142243
31-Jul-17,1600.05,1618,1596,1613.85,192588
28-Jul-17,1597,1605,1579,1594.25,228358
27-Jul-17,1629.95,1631.1,1591,1598.35,250169
26-Jul-17,1610,1629.95,1602,1621.9,744107
25-Jul-17,1626.7,1629,1600,1603.35,281744
24-Jul-17,1604,1624.8,1586.2,1616.1,793324
21-Jul-17,1554,1592.2,1544.4,1586.2,1975685
20-Jul-17,1540,1549.85,1521.05,1528.7,227482
19-Jul-17,1519.7,1540.8,1515,1533.5,140176
18-Jul-17,1548.4,1551.5,1512,1519.9,253446
17-Jul-17,1534.3,1558.8,1534.3,1551.35,247452
14-Jul-17,1522,1534,1515.25,1531.05,253773
13-Jul-17,1510,1523.6,1506.7,1518.85,287454
12-Jul-17,1498.8,1524.5,1496,1510.5,285428
11-Jul-17,1500,1504,1487.05,1495.2,263784
10-Jul-17,1492,1508,1487,1492.45,1255041
07-Jul-17,1438,1497,1438,1490.8,677607
06-Jul-17,1445.3,1449.95,1437.35,1441.4,161198
05-Jul-17,1427.2,1445.9,1427,1439.8,235558
04-Jul-17,1387.5,1425.5,1387.5,1422.7,740773
03-Jul-17,1388,1394,1372.1,1384.1,195035
30-Jun-17,1392.9,1394.2,1375.1,1380.25,105279
29-Jun-17,1412,1418,1390.3,1392.9,137203
28-Jun-17,1438.3,1440,1396.15,1398.5,206243
27-Jun-17,1432,1440.05,1425,1435.9,412000
23-Jun-17,1439,1441.7,1430.9,1435,403436
22-Jun-17,1430,1444,1428.65,1433.15,289088
21-Jun-17,1410,1427,1405.6,1418.1,1373738
20-Jun-17,1415,1422.6,1408.05,1412.25,580523
19-Jun-17,1391.9,1415,1391,1409.15,446711
16-Jun-17,1388.8,1395,1370.1,1387.85,962742
15-Jun-17,1362,1394.25,1360,1384.5,1008637
14-Jun-17,1318,1357.5,1315.75,1355.9,3489002
13-Jun-17,1316,1327,1309,1312.6,122599
12-Jun-17,1329.5,1329.95,1317.5,1319.35,79440
09-Jun-17,1344,1352,1330,1335.5,188033
08-Jun-17,1340,1345,1328.1,1329.9,96115
07-Jun-17,1312.8,1343.2,1308.6,1339.2,161546
06-Jun-17,1338.9,1338.9,1310.9,1313.4,120747
05-Jun-17,1325,1340.5,1315.75,1328.9,263014
02-Jun-17,1330.05,1338.8,1316.6,1324.75,167733
01-Jun-17,1338,1339.95,1323.05,1328.5,141483
31-May-17,1368,1368,1336,1340.6,468501
30-May-17,1356.55,1364.3,1349,1358.85,131032
29-May-17,1337.3,1365.9,1336,1356.55,452793
26-May-17,1302,1344.05,1301,1335.8,320020
25-May-17,1300,1311.75,1297.8,1302.9,108319
24-May-17,1305.65,1313.5,1295,1297,148240
23-May-17,1324,1330.25,1301.5,1304.4,242172
22-May-17,1322.55,1333.35,1315.05,1323.75,221714
19-May-17,1339,1339,1311.1,1318.5,155962
18-May-17,1346.8,1352,1323.3,1327.05,115770
17-May-17,1356,1364.85,1348.05,1352.4,124009
16-May-17,1345,1377,1341.8,1356.4,360825
15-May-17,1354.5,1356.05,1334.5,1343.65,144526
12-May-17,1363.9,1363.9,1344.2,1350.85,389836
11-May-17,1361.6,1374.95,1352.25,1356.7,384194
10-May-17,1333,1363,1331.45,1359.5,452629
09-May-17,1323,1333,1321,1330.6,183764
08-May-17,1328.6,1339.6,1320,1321.95,580916
05-May-17,1361,1367.65,1325.05,1328.6,326756
04-May-17,1373.1,1379.5,1354.65,1358.75,202734
03-May-17,1375.25,1380.5,1365,1370.25,235239
02-May-17,1400.1,1402,1366.75,1370.9,286125
28-Apr-17,1409.05,1420.8,1390.5,1394.8,382297
27-Apr-17,1420,1424.7,1402.75,1408.05,269517
26-Apr-17,1435.1,1440,1403.15,1416.35,313494
25-Apr-17,1459.7,1465,1427.65,1432.5,627397
24-Apr-17,1410,1433.75,1400.1,1416.4,533960
21-Apr-17,1375.2,1420,1373.05,1399.75,720639
20-Apr-17,1376.5,1386.9,1365.5,1369.4,288790
19-Apr-17,1371,1382.7,1358.25,1369.85,208790
18-Apr-17,1395.5,1410,1368.35,1370.45,358972
17-Apr-17,1367.7,1394.25,1365,1391,321378
13-Apr-17,1352,1373,1348,1364.35,331002
12-Apr-17,1388.8,1388.8,1351.05,1354.15,578519
11-Apr-17,1386,1400.3,1371,1374.1,364279
10-Apr-17,1416,1424.7,1378,1381.05,386967
07-Apr-17,1424.1,1433.75,1402.65,1405.55,672901
06-Apr-17,1409.7,1448.5,1402.7,1438.35,1043156
05-Apr-17,1388,1417.95,1380.8,1414.9,902558
03-Apr-17,1332,1380,1332,1371.2,999005
31-Mar-17,1270,1336,1268.95,1319.2,1673684
30-Mar-17,1255,1272.8,1254.05,1269.35,438308
29-Mar-17,1250.05,1260,1234.1,1254.7,466255
28-Mar-17,1255.05,1263.35,1237,1245.65,436677
27-Mar-17,1267.55,1278.5,1247.1,1250.75,888667
24-Mar-17,1274.1,1291.65,1268.4,1286.2,676818
23-Mar-17,1266.9,1277.75,1258.25,1274.1,295325
22-Mar-17,1254.7,1266,1247.55,1259.5,265278
21-Mar-17,1285.6,1285.6,1259.7,1263.8,245384
20-Mar-17,1301,1305,1277.15,1280.35,392188764
17-Mar-17,1305,1319.85,1298.55,1300.65,281621
16-Mar-17,1311,1311,1294.6,1297.35,306215
15-Mar-17,1289.4,1316,1283.25,1304.4,389306469
14-Mar-17,1315.95,1319.1,1285.25,1289.4,596869
10-Mar-17,1293.95,1296.5,1261.5,1281.4,360490
09-Mar-17,1289.8,1298,1281.7,1287.35,397311380
08-Mar-17,1307.05,1310,1286,1291.9,793869
07-Mar-17,1316.15,1326.75,1296.6,1304.8,1137634
06-Mar-17,1268,1309.9,1265.45,1304.9,1196154
03-Mar-17,1237,1287.8,1237,1258.45,1194011
02-Mar-17,1236,1254,1225.65,1233.25,410896
01-Mar-17,1242,1244.9,1230.25,1234.15,822803
28-Feb-17,1237.8,1247.85,1228.55,1238.25,1730900
27-Feb-17,1187,1256.5,1187,1238.6,1340897
23-Feb-17,1213.9,1222.3,1179.2,1182.6,1089289
22-Feb-17,1092.05,1212,1092.05,1207.65,3331421
21-Feb-17,1072.3,1090.55,1072.3,1088.25,280191
20-Feb-17,1070,1077,1066.25,1073.7,229511
17-Feb-17,1066,1077.9,1059,1075.35,315041
16-Feb-17,1052,1067,1052,1064.95,196538
15-Feb-17,1053,1057.5,1046.05,1050.9,227916
14-Feb-17,1033.35,1052.5,1031.2,1048.25,273085
13-Feb-17,1034,1035,1022,1028.35,189181
10-Feb-17,1035,1035.9,1025.95,1030.3,136547
09-Feb-17,1026,1034.45,1026,1032.7,141795
08-Feb-17,1031.15,1038.45,1023,1025.65,192093
07-Feb-17,1040.3,1040.75,1027.6,1030.7,111221
06-Feb-17,1036.05,1043.9,1032.5,1040.1,501838
03-Feb-17,1044.75,1050.1,1031.05,1033.7,118332
02-Feb-17,1047.05,1050,1038.55,1044.75,812495
01-Feb-17,1045.2,1050.85,1034.7,1049.2,253689
31-Jan-17,1047,1053.9,1040.75,1043.4,163944
30-Jan-17,1025.15,1045.8,1024.9,1044.15,330309
27-Jan-17,1019.7,1028.95,1019,1025.15,279811
25-Jan-17,1035,1035,1016.1,1016.7,587082
24-Jan-17,1020,1030,1018.6,1027.55,115731
23-Jan-17,1024,1031,1014.05,1015.95,198546
20-Jan-17,1033,1037.7,1024.4,1025.7,579325
19-Jan-17,1033.35,1044.65,1031,1033.75,237906
18-Jan-17,1043,1048.15,1029,1032.45,330933
17-Jan-17,1068.2,1074.7,1038,1041.3,705492
16-Jan-17,1091.4,1093.85,1074,1077,131122
13-Jan-17,1085.7,1096.6,1085.2,1090.15,178450
12-Jan-17,1088.45,1090,1079.15,1083.15,120619
11-Jan-17,1094.35,1095,1082,1084.1,88630
10-Jan-17,1079,1092,1078.25,1087.1,206226
09-Jan-17,1079,1085.7,1071.1,1077.1,236337
06-Jan-17,1075.3,1085,1072.55,1072.7,436493
05-Jan-17,1073,1079.5,1069,1077.4,159733
04-Jan-17,1092.15,1092.45,1065.35,1068.95,142748
03-Jan-17,1084.15,1097,1081.25,1090.65,199293
02-Jan-17,1081.35,1089.45,1073.15,1083.1,182947
30-Dec-16,1066.8,1084.7,1064,1080.1,653398
29-Dec-16,1051.65,1068.6,1049.5,1064.95,98962
28-Dec-16,1068,1069.9,1048.4,1052.2,546777
27-Dec-16,1047.1,1066.7,1047.1,1064.4,560443
26-Dec-16,1055.6,1066,1045,1047.1,369114
23-Dec-16,1050.6,1068.45,1050.6,1058.15,304475
22-Dec-16,1059.9,1061.55,1050.35,1053.95,622987
21-Dec-16,1059,1066.35,1056.5,1061.45,273117
20-Dec-16,1057.3,1062,1054,1059.1,779055
19-Dec-16,1058,1065.8,1055,1062.15,726659
16-Dec-16,1050,1062,1050,1057.55,297923
15-Dec-16,1056.75,1066.8,1051,1054.2,202780
14-Dec-16,1039.5,1064.4,1039.4,1060,519532
13-Dec-16,1032,1042,1028.5,1039.9,97743
12-Dec-16,1026.85,1040,1022.15,1028.1,110937
09-Dec-16,1020.5,1029.6,1020.3,1026.4,117758
08-Dec-16,1003.1,1021,1003.1,1019.55,123560
07-Dec-16,1007,1007,995.65,999.7,76196
06-Dec-16,995,1004.9,995,1003.35,101856
05-Dec-16,994,998.75,987.55,994.1,100455
02-Dec-16,995,1005.6,993.05,995.3,190233
01-Dec-16,996.15,1014.6,994.5,997.2,234382
30-Nov-16,997,997.6,988,992.75,267661
29-Nov-16,987.1,1002.7,987.1,995.85,289686
28-Nov-16,994.8,1000.05,984,986.45,91529
25-Nov-16,991,996,985,993.65,285338
24-Nov-16,1006.9,1006.9,986,990.65,212535
23-Nov-16,1005,1008.5,999.5,1007.25,125106
22-Nov-16,994.25,1007.5,994.05,1001.1,133026
21-Nov-16,988,993.7,983.5,990.9,362810
18-Nov-16,983.15,992.15,982.9,987.5,288856
17-Nov-16,987,998,975.85,981.3,418920
16-Nov-16,989.3,996.7,982,985.85,346508
15-Nov-16,1001.8,1001.8,980.55,987.6,566144
11-Nov-16,1000,1017.3,995.35,1001.4,240131
10-Nov-16,1016.55,1028.4,1008.25,1010,157104
09-Nov-16,940,1008.9,932,1005.55,432284
08-Nov-16,1003.55,1009,998.35,1002.85,154570
07-Nov-16,1011.35,1016.5,999.5,1001.95,164685
04-Nov-16,1021.3,1027.15,1000.55,1005.8,218484
03-Nov-16,1024.05,1034.5,1022.1,1025.45,134126
02-Nov-16,1042,1042.05,1021.1,1024.05,167266
01-Nov-16,1051,1055,1047.75,1048.3,114140
30-Oct-16,1057,1065,1047.85,1051.2,46545
28-Oct-16,1050,1056,1043.95,1053.5,145866
27-Oct-16,1053,1054,1043.2,1048.5,128047
26-Oct-16,1058,1059.2,1052,1054.15,114052
25-Oct-16,1063.2,1065.4,1054.5,1059.9,185050
24-Oct-16,1068,1074,1060.5,1063.55,142852
21-Oct-16,1099,1099,1059,1064.4,700819
20-Oct-16,1091.95,1097.8,1085.1,1088.5,201875
19-Oct-16,1083.15,1094.5,1081.4,1086.9,458730
18-Oct-16,1064,1082,1062.8,1079.3,189876
17-Oct-16,1079,1080.65,1058,1060.15,222193
14-Oct-16,1060.5,1081.95,1058,1078.2,285604
13-Oct-16,1093.7,1093.7,1052.05,1057.7,580933
10-Oct-16,1115,1122,1092.8,1095.95,163780
07-Oct-16,1111.1,1122.65,1107.55,1109.95,455517
06-Oct-16,1092,1124.8,1092,1111.1,1709509
05-Oct-16,1103.15,1105.8,1085.75,1089.3,229693
04-Oct-16,1093.9,1108,1092,1095.2,413390
03-Oct-16,1084.5,1107.35,1076.95,1090.4,955952
30-Sep-16,1070,1093.45,1067,1082.1,184651
29-Sep-16,1095,1110,1067.5,1072.55,389803
28-Sep-16,1110,1113,1087.3,1089.7,320533
27-Sep-16,1113.05,1125.7,1107.3,1110.45,318951
26-Sep-16,1102.5,1128.9,1102,1109.35,991973
23-Sep-16,1088,1109.2,1088,1102.95,1161460
22-Sep-16,1080,1095.5,1079.1,1087.65,541248
21-Sep-16,1074,1084.5,1067,1071.35,157167
20-Sep-16,1085.05,1086,1069.1,1074.1,296596
19-Sep-16,1074.9,1087.5,1071.05,1082.35,1613535
16-Sep-16,1065,1093.25,1059.75,1075.65,1299359
15-Sep-16,1047,1068,1047,1062.45,462771
14-Sep-16,1046,1058,1040.65,1045.45,314372
12-Sep-16,1034,1055.65,1025.1,1046.6,492672
09-Sep-16,1034,1049.65,1030.2,1043.7,305332
08-Sep-16,1020.5,1035.5,1020,1032.25,367758
07-Sep-16,1020.1,1026.75,1014,1017.45,220304
06-Sep-16,1020,1024.95,1014,1020.45,240877
02-Sep-16,1032,1035,1003.1,1012.85,541854
01-Sep-16,1053.9,1072.55,1026.25,1029.15,1095036
31-Aug-16,1065.9,1073.55,1047.05,1058,232493
30-Aug-16,1059.2,1070,1053.25,1065.8,1139289
29-Aug-16,1027.7,1059.95,1027,1057,639293
26-Aug-16,1014.8,1030,1014.65,1027.7,232782
25-Aug-16,1020.5,1028.5,1010,1013.1,156757
24-Aug-16,1014.5,1022.1,1011.1,1020.75,366612
23-Aug-16,1013,1014.8,1005.1,1009.9,208441
22-Aug-16,1017.9,1020.35,1007.3,1013.9,179189
19-Aug-16,1011,1021.7,1007.25,1014.85,149095
18-Aug-16,1015.35,1023.15,1015.15,1016.6,290170
17-Aug-16,1023,1028.8,1008.2,1014,453723
16-Aug-16,1035,1044,1016,1024.2,202889
12-Aug-16,1015,1041.75,1014.9,1034.95,361232
11-Aug-16,1004,1022,1000.25,1012.45,161720
10-Aug-16,1029.95,1034.5,1001.05,1002.8,205341
09-Aug-16,1028.4,1033.4,1021.3,1029.85,188865
08-Aug-16,1017.15,1033.5,1017.15,1029.65,266132
05-Aug-16,995.2,1017.5,995.2,1014.55,174956
04-Aug-16,1000,1002,984.5,993.15,178507
03-Aug-16,1011.55,1013.05,992,994.05,175635
02-Aug-16,1008.9,1018.5,1007,1011.05,158464
01-Aug-16,1016.55,1020.85,1005.3,1009.3,137323
29-Jul-16,1025.8,1025.8,1012.2,1015.5,108105
28-Jul-16,1018.4,1029.8,1012.5,1026.05,205105
27-Jul-16,1025,1026.9,1010,1013.05,168876
26-Jul-16,1021.4,1034.15,1015.2,1023.3,269334
25-Jul-16,1016,1021.8,1007.8,1020.65,1434391
22-Jul-16,1005,1017.25,1004.15,1014.8,135033
21-Jul-16,1024,1024.55,1005.5,1006.7,135079
20-Jul-16,1020,1028.1,1017,1022.55,243360
19-Jul-16,1008,1021.8,995.25,1015.4,394125
18-Jul-16,1027,1039,986.1,1004.25,667578
15-Jul-16,1010,1020.65,1003.85,1012.55,357608
14-Jul-16,1008,1014.6,999.05,1006.45,144511
13-Jul-16,1003,1015.8,1002,1008.45,420670
12-Jul-16,992.5,1004.05,991,1002.1,261152
11-Jul-16,988.05,994.9,985.5,990.75,165538
08-Jul-16,988,989,978.55,980.1,276679
07-Jul-16,993.45,1000,986.75,987.9,205672
05-Jul-16,989.95,1002.8,980.5,992.95,258358
04-Jul-16,978,992.35,976.2,986.65,211611
01-Jul-16,973.5,976.45,970.2,973.65,149225
30-Jun-16,971,977.75,967.35,969.45,249804
29-Jun-16,961,968.8,960.3,966.85,169890
28-Jun-16,957.5,961.55,956,958.2,152345
27-Jun-16,949.85,958.8,944,956.1,266573
24-Jun-16,966,966,934.4,951.5,713656
23-Jun-16,980,983.45,970,981.9,219671
22-Jun-16,986.95,986.95,977,980.5,385463
21-Jun-16,995,995,980.2,987.25,347776
20-Jun-16,965,993,965,990.55,355228
17-Jun-16,977,978.9,970,973.25,159014
16-Jun-16,981.9,983.5,967.5,974.55,189485
15-Jun-16,977.5,984.9,973.5,982.4,168059
14-Jun-16,982,984.5,969.3,974.9,134051
13-Jun-16,970,983.3,964,979.3,189663
10-Jun-16,973,984.2,968.7,975.65,226144
09-Jun-16,958.05,977,958,971.45,318681
08-Jun-16,957,958,950.2,954.15,183907
07-Jun-16,956,961.1,951.8,954.65,175267
06-Jun-16,959,962.75,953,955.9,157434
03-Jun-16,957.5,963.6,955.4,957.95,144389
02-Jun-16,956.1,957.25,945.25,956,172276
01-Jun-16,958.8,966.5,951.25,953.3,187746
31-May-16,968.9,972.5,956.2,958.95,196964
30-May-16,975,981.45,966,969.45,215289
27-May-16,951.5,975.7,949.5,972.65,306408
26-May-16,950.55,953,944.25,946.65,196930
25-May-16,949.2,951.9,941.6,949.25,181679
24-May-16,930.9,943.35,929,940.05,191480
23-May-16,938.4,940,925.7,930,479357
20-May-16,951.15,954.6,932.35,934.1,380536
19-May-16,971.15,971.7,946.15,950.55,207759
18-May-16,967,972.75,965.2,970.15,146038
17-May-16,980,983.3,966.65,970.2,176081
16-May-16,978.25,982.05,972,976.15,182427
13-May-16,988,990.9,975.5,978,186873
12-May-16,977,992.45,975.7,991.05,218644
11-May-16,973,980.45,971,974.85,155682
10-May-16,982,984.85,978.05,981.35,110977
09-May-16,975,986,972.5,982.95,186660
06-May-16,975,976.95,967.5,969.15,225888
05-May-16,982.25,983.5,971.1,975.05,253122
04-May-16,976,983.65,974.25,977.5,227280
03-May-16,989.8,994.7,972.6,976.05,282136
02-May-16,981.4,992.5,977.05,986.3,225517
29-Apr-16,995.7,998.75,977.85,982.55,477000
28-Apr-16,1019.7,1019.7,992,997.35,676909
27-Apr-16,1019.9,1025.85,1015.1,1019.7,219250
26-Apr-16,1017,1023.85,1008,1016.8,411535
25-Apr-16,1042.7,1044.9,1012.75,1016.15,628843
22-Apr-16,1041,1047.75,1030.5,1038.75,242213
21-Apr-16,1044.9,1051.5,1035,1040.9,232079
20-Apr-16,1068.2,1070,1035.35,1038.3,261813
18-Apr-16,1065.45,1065.7,1055,1061.75,375048
13-Apr-16,1052,1068.3,1052,1065.45,421477
12-Apr-16,1040.3,1057,1038.6,1047.15,193213
11-Apr-16,1035.2,1045,1033.3,1039.85,167315
08-Apr-16,1033.5,1054,1032.05,1037.85,259195
07-Apr-16,1032,1048,1023.25,1037.95,170492
06-Apr-16,1030.8,1035.9,1022.2,1031.45,87590
05-Apr-16,1030,1042,1022.65,1028.1,207501
04-Apr-16,1036.15,1042.45,1024.45,1035.15,116143
01-Apr-16,1039,1045.9,1026.4,1033.65,205416
31-Mar-16,1043,1055.95,1034.1,1045.25,292735
30-Mar-16,1040.35,1050.9,1040.25,1044.9,225448
29-Mar-16,1023.05,1040.9,1022.4,1035.4,246687
28-Mar-16,1029,1031.95,1015.5,1020.5,304410
23-Mar-16,1047,1047,1023,1029.35,350489
22-Mar-16,1038.1,1052.5,1036.75,1048.5,302113
21-Mar-16,1027.2,1039,1023.5,1036.2,202295
18-Mar-16,1019,1028.4,1016.25,1025.2,827348
17-Mar-16,1028,1036.4,1012.4,1015.55,201404
16-Mar-16,1021,1025.7,1005.4,1021.75,164645
15-Mar-16,1021,1026.95,1016,1020.4,191800
14-Mar-16,1018.15,1026,1013,1018.55,206014
11-Mar-16,1016.5,1029.5,1011.3,1015.65,248065
10-Mar-16,1043.7,1045,1009,1012,354839
09-Mar-16,1019,1044,1017.35,1041.95,367791
08-Mar-16,1006,1031,1006,1027.15,424354
04-Mar-16,1017,1018,1003.75,1006.5,2911912
03-Mar-16,1007.25,1017.25,997.55,1012.55,340650
02-Mar-16,992.5,1005.25,987.5,1001.2,529739
01-Mar-16,967.5,985,965,982.25,311829
29-Feb-16,951.1,993,936.3,966.55,999988
26-Feb-16,950,958.5,944.95,950.5,225109
25-Feb-16,957,957,941.7,944.4,332961
24-Feb-16,946.3,959,942.55,952.55,1457649
23-Feb-16,964,966.9,943.05,950.7,1794728
22-Feb-16,945.9,967.9,945.05,962.45,218870
19-Feb-16,941.15,952.45,937.8,944.55,186168
18-Feb-16,962,967.75,936.3,941.15,243498
17-Feb-16,933.4,956,917.1,952.45,365447
16-Feb-16,952.8,958,927,929.65,307379
15-Feb-16,921,949.95,920,944.65,288882
12-Feb-16,931.05,933,888.5,906.3,681300
11-Feb-16,963,966,916.25,922.45,563005
10-Feb-16,951.25,972.9,948.95,962.4,495104
09-Feb-16,951.1,968.5,950.35,956.6,359167
08-Feb-16,971.9,984.25,957.7,961.6,311940
05-Feb-16,976.3,982,963,972.3,329859
04-Feb-16,990,1000,968,973.95,305249
03-Feb-16,988.1,993.2,975,980.7,344712
02-Feb-16,1031,1032,990.3,1002,367070
01-Feb-16,1040,1041,1025.15,1028.1,216574
29-Jan-16,1020,1039.4,1018.85,1035.05,280811
28-Jan-16,1000,1021.75,997.75,1016.9,279598
27-Jan-16,1007.95,1009.7,996.15,999.35,213280
25-Jan-16,1008.2,1018.4,1000.15,1004.8,276184
22-Jan-16,995,1010.15,994.75,1003.95,344318
21-Jan-16,1016.3,1025.7,978.15,984.9,921299
20-Jan-16,1040.5,1040.5,990.5,1004.35,1181912
19-Jan-16,1025,1049,1015.2,1043.6,539474
18-Jan-16,1073.05,1082.45,1010.1,1018,577065
15-Jan-16,1070,1089.5,1066,1073.15,806191
14-Jan-16,1062.1,1081,1052.4,1061.2,590916
13-Jan-16,1054.8,1087.4,1019.35,1077.35,1418406
12-Jan-16,1054,1065,1041.05,1045.1,451258
11-Jan-16,1011,1059.95,1011,1051.55,861434
08-Jan-16,1019,1032.15,1000.05,1024.05,7008317
07-Jan-16,1023.8,1027.6,1008.25,1011.55,374543
06-Jan-16,1005,1038,1000.55,1031.95,949981
05-Jan-16,1002,1010,996.85,1005.1,294671
04-Jan-16,1006,1014.2,987.3,995.4,273627
01-Jan-16,1010,1020,1008.75,1015.35,328595
31-Dec-15,1004,1017,1000,1012.6,241436
30-Dec-15,1015.7,1017,1002.1,1004.85,103873
29-Dec-15,1013,1018.5,1007.5,1015.15,248983
28-Dec-15,1004,1013.55,1001,1008.55,291670
24-Dec-15,1005.5,1008,996.1,1000.9,146409
23-Dec-15,993.4,1006,990.9,1003.55,227045
22-Dec-15,991.1,1002.5,984,987.5,263406
21-Dec-15,988.55,998.2,985,992.25,267805
18-Dec-15,1003,1009,990.15,992.05,252773
17-Dec-15,980.25,1013.25,978,1008.35,574220
16-Dec-15,973.4,986.9,973.4,978,187540
15-Dec-15,956,977.9,953,975.9,244609
14-Dec-15,946.5,962.7,946.5,955.45,252147
11-Dec-15,950.1,958.85,942.9,952.25,370539
10-Dec-15,921.15,953.4,920.25,949.9,388912
09-Dec-15,940,944.35,913,915.95,351669
08-Dec-15,950.1,954,937.7,942.45,223479
07-Dec-15,967,972.9,951,953.7,192243
04-Dec-15,973.5,976,961.9,965.75,183717
03-Dec-15,977.5,988.25,973.35,976.8,316800
02-Dec-15,966.4,978.6,965.8,976.6,169060
01-Dec-15,966.4,978.5,962,965.55,169237
30-Nov-15,977.15,983.8,964,968,171638
27-Nov-15,990,992,974.35,979.05,169451
26-Nov-15,969.9,990.6,968.45,987.7,300255
24-Nov-15,952.05,971,950.75,968,228414
23-Nov-15,947.55,955.65,945.65,952.1,166800
20-Nov-15,935.4,952.1,925.4,945.95,303967
19-Nov-15,919.5,937.5,918,934.2,225990
18-Nov-15,927,931.65,910,912.35,229960
17-Nov-15,936.7,938.7,925.95,927.5,171497
16-Nov-15,929,941.8,924.7,933.05,397081
13-Nov-15,918,937.15,915,930.2,275272
11-Nov-15,928,933,927,928.95,85638
10-Nov-15,957.1,958.95,917,921.95,278248
09-Nov-15,935,962.25,925,960,267514
06-Nov-15,938,954,938,952.45,175476
05-Nov-15,951,951.5,933.05,936.85,243728
04-Nov-15,972,975,946.7,952.1,172804
03-Nov-15,962,970,962,966.4,181908
02-Nov-15,946.1,960.5,945.25,959.15,156238
30-Oct-15,941.55,955.75,940.8,947.85,172739
29-Oct-15,938.8,944.95,935.5,941.55,122316
28-Oct-15,938,944.5,930.35,937.25,140606
27-Oct-15,941.8,947.75,937.5,939.2,142859
26-Oct-15,958.05,963,940,943,151129
23-Oct-15,962.1,973.35,950.8,955.85,239795
21-Oct-15,956,974,952.8,954.75,290037
20-Oct-15,963,966.8,951.1,955.45,206974
19-Oct-15,941.6,965.2,941.6,963.4,802090
16-Oct-15,905,914.7,904,912.2,232521
15-Oct-15,907.25,910.6,900.1,904,189822
14-Oct-15,893.15,904,892.3,902,167406
13-Oct-15,887.8,895,883,892.55,127540
12-Oct-15,890,900.65,888.5,892.05,144413
09-Oct-15,896.85,904.9,882.1,886.35,252976
08-Oct-15,914.15,915,886.6,889.15,293575
07-Oct-15,895.8,917,890.05,913.85,320860
06-Oct-15,893.1,899,885.55,895.9,233928
05-Oct-15,865,889.9,862.5,886.25,369010
01-Oct-15,872,872.5,858.8,862.3,173286
30-Sep-15,848.05,863,838.6,860.5,345752
29-Sep-15,829,849.3,826.55,839.15,436844
28-Sep-15,837.9,840.9,830,834.35,778144
24-Sep-15,848,848,835.05,837.9,730116
23-Sep-15,840,856.75,840,851.4,416233
22-Sep-15,880.1,884.45,845,847.45,723862
21-Sep-15,880,887.75,875.7,877.7,177131
18-Sep-15,877.5,899,877.1,895.1,558538
16-Sep-15,870,877.4,865,872.1,283855
15-Sep-15,862,869.65,856.2,867.55,332748
14-Sep-15,861.8,864.4,852.1,863.05,244111
11-Sep-15,873.35,876.3,857.3,861.05,363751
10-Sep-15,860.1,870,856,866.95,368560
09-Sep-15,859,878.5,851.35,873.05,410854
08-Sep-15,836,853.2,826,848.95,288488
07-Sep-15,837,844,827.75,833.05,177756
04-Sep-15,847.1,850.35,825.25,835.6,636304
03-Sep-15,853.9,860.4,845.05,853.75,207655
02-Sep-15,850,856.95,843.3,849.3,368125
01-Sep-15,852.55,853,835.2,840.15,670601
31-Aug-15,870.25,871.2,854.5,856.8,352115
28-Aug-15,879.55,883,866.1,871.2,239263
27-Aug-15,868.3,880,857.65,869.55,338333
26-Aug-15,847.9,874.8,841.45,853.45,398419
25-Aug-15,840,861,824.4,852.9,680620
24-Aug-15,890,890,819,828.95,915064
21-Aug-15,910,911.8,897.35,907.3,559054
20-Aug-15,959.9,960,916.25,918.85,439271
19-Aug-15,944.9,960.45,939.65,952.7,299152
18-Aug-15,955.2,958.85,942,944.35,262895
17-Aug-15,967,967.05,947.3,950.05,278342
14-Aug-15,938.6,971.95,934.9,967.05,376123
13-Aug-15,948,954.1,931.25,934.9,226828
12-Aug-15,966.35,966.35,940.15,943.05,391422
11-Aug-15,976,976,958.55,966.35,269415
10-Aug-15,985,989.8,966.25,970.1,192667
07-Aug-15,981,994,975.3,984.25,249891
06-Aug-15,994,994,978,979.4,239574
05-Aug-15,990,1000,984,987.65,262896
04-Aug-15,1001.25,1005.45,980.15,988.1,355105
03-Aug-15,1001.15,1013.2,998.2,1001.15,325060
31-Jul-15,1002,1007.9,990,1001.65,351772
30-Jul-15,1001.7,1008,993.05,999.3,299237
29-Jul-15,1012,1012.45,992.2,995.45,240152
28-Jul-15,1009.5,1016.75,1000.25,1009.95,323485
27-Jul-15,1027,1035,1001.3,1005.8,437703
24-Jul-15,1046.2,1050,1021.6,1025.05,290271
23-Jul-15,1055,1067,1041,1045.65,610364
22-Jul-15,1007.3,1053.5,1005.15,1050.45,825916
21-Jul-15,1026.7,1028,1002.9,1007.5,262687
20-Jul-15,1026.1,1029.9,1018.1,1024.75,307533
17-Jul-15,1023,1031,1018,1022.15,405333
16-Jul-15,1012.5,1027.5,1011.4,1023.65,511991
15-Jul-15,1000,1014,999,1011.4,495718
14-Jul-15,1008.4,1011.45,995.25,997.6,301854
13-Jul-15,1001,1012.25,995.4,1007.2,433427
10-Jul-15,994.65,1003.75,990.4,1001.55,327762
09-Jul-15,995.35,1001.45,984.3,987.3,404304
08-Jul-15,1000,1008.2,990.45,994.8,410815
07-Jul-15,1014,1016.5,1000.3,1003.4,213529
06-Jul-15,1000,1018.85,996,1015.3,564557
03-Jul-15,1010.9,1013.5,1003.45,1006.75,532965
02-Jul-15,1007.05,1019.95,1006.15,1010.3,585463
01-Jul-15,1002.4,1010.65,1002,1005.75,463792
30-Jun-15,990,1003.5,988,1000.45,488603
29-Jun-15,985,993.6,972.6,990.75,536953
26-Jun-15,1002.25,1013.8,995.5,999.55,552085
25-Jun-15,990.5,1009.05,985.15,1004.65,778667
24-Jun-15,995.25,1006.55,986,990.75,659933
23-Jun-15,992.75,1002.4,990.75,994.75,508162
22-Jun-15,996.9,1008.7,986.65,991.35,649734
19-Jun-15,983,1006,983,996.5,1072967
18-Jun-15,934.4,982,933,979.05,1403351
17-Jun-15,905,940.4,894.4,931.1,869836
16-Jun-15,899.9,905.9,892.5,903.95,312970
15-Jun-15,893.7,904.6,890,901,259776
12-Jun-15,879.3,892.5,878.85,889.15,397129
11-Jun-15,906.9,908.95,874,877.2,416598
10-Jun-15,885,909.9,885,905.9,289182
09-Jun-15,885.25,890.5,878,883.9,204010
08-Jun-15,908.8,910.65,883.65,885.25,216884
05-Jun-15,910,916.65,904,906.05,287749
04-Jun-15,903.1,915.9,895.05,912.5,461778
03-Jun-15,899,910.35,889,895.9,445685
02-Jun-15,904.15,918.5,891.15,898.7,558053
01-Jun-15,877,904,877,901.35,271380
29-May-15,879.5,886.5,874,877.15,623744
28-May-15,886.9,894,873.4,876.75,235493
27-May-15,884.1,890.8,880.75,886.95,188643
26-May-15,895.5,896.5,883.2,884.65,154381
25-May-15,901.35,907.6,892.2,894.2,190722
22-May-15,897.2,904.8,897,902.65,189317
21-May-15,910.25,915.5,894,896.9,485092
20-May-15,900,909.5,898.9,907.4,301940
19-May-15,892,904.95,887.1,895.5,399582
18-May-15,876.2,892.1,873,890.5,262804
15-May-15,881.3,886.4,871.2,873.95,200012
14-May-15,882.25,886,871,878.5,316156
13-May-15,875,889,857.9,884.8,437442
12-May-15,895,895,865.25,868.35,373248
11-May-15,892,898.95,883.2,895.75,367532
08-May-15,871,893.4,863.6,889.9,489222
07-May-15,877.3,879,860,869.4,439971
06-May-15,891.05,896.4,872,879.25,532670
05-May-15,893,901.75,885,890.9,357104
04-May-15,867,893.25,861.2,890.45,357224
30-Apr-15,851.7,865.9,848.5,862.85,333967
29-Apr-15,863.4,870.95,848.3,851.25,309185
28-Apr-15,875,881.75,860,865,477021
27-Apr-15,881,887.5,871,874.55,245491
24-Apr-15,876.85,883.95,868.4,879.4,307251
23-Apr-15,884.65,889.9,869.25,877,310531
22-Apr-15,880.6,886.6,867.6,879.9,302454
21-Apr-15,888,895.05,872.45,875.9,425129
20-Apr-15,936.55,937.95,878.75,885.55,827606
17-Apr-15,935.4,943.8,923.15,926.85,462394
16-Apr-15,926.15,937.6,919,927.45,499935
15-Apr-15,920.9,939.4,907.6,923.75,513681
13-Apr-15,908.4,925,898.6,922.4,469162
10-Apr-15,895,906.7,889,903.65,478685
09-Apr-15,866.1,898.9,860,894.95,1119528
08-Apr-15,836,869.15,833,865.5,651313
07-Apr-15,825.1,835.9,825.1,832.8,255261
06-Apr-15,835.3,837.95,821.45,824,219606
01-Apr-15,824.95,838,814,834.55,254414
31-Mar-15,816.1,832.05,816.1,824.7,314795
30-Mar-15,816,818,796.75,810.35,451512
27-Mar-15,832.6,835.15,801.5,811.75,535694
26-Mar-15,841.35,848.75,824.55,830.6,382644
25-Mar-15,850.5,850.5,840.15,844.7,382017
24-Mar-15,842.45,854.45,842.05,848.8,438979
23-Mar-15,856.35,863.45,838.1,842.25,311055
20-Mar-15,856.1,861,848.85,854.3,195127
19-Mar-15,875,876,852.1,856.25,254726
18-Mar-15,858,872.9,855,868.75,310093
17-Mar-15,848.15,859.8,841,856.85,588090
16-Mar-15,854,854,841,842.05,567883
13-Mar-15,869,869.95,847,850.15,294391
12-Mar-15,860,866.2,855.55,863.75,218285
11-Mar-15,860,869.5,853.2,855.85,240858
10-Mar-15,870,874.9,855.4,859.1,589174
09-Mar-15,884,891.8,864.2,868.65,299199
05-Mar-15,891,898.4,879.5,884.4,306655
04-Mar-15,905,909,880.4,886.95,384308
03-Mar-15,870,906.5,867.4,901.65,707794
02-Mar-15,869.85,875.6,856.15,863.7,360646
28-Feb-15,861.8,868.4,847,866.25,511174
27-Feb-15,846.15,860.5,844.6,855.65,426181
26-Feb-15,846.05,850,837.1,842.25,632989
25-Feb-15,847,856.4,841.6,843.55,643101
24-Feb-15,853,857.2,837.1,841.75,616856
23-Feb-15,869.8,876.4,846.65,851.15,530826
20-Feb-15,897,897,872,873.25,575890
19-Feb-15,905,907.15,887.55,901.35,291714
18-Feb-15,900,908,895.05,901.45,211791
16-Feb-15,920,923.95,900.05,902.65,275109
13-Feb-15,915,920,909.65,917.2,277851
12-Feb-15,906.35,915,887.3,910.45,315228
11-Feb-15,885,904.2,883.65,900.95,263416
10-Feb-15,892,905,862.4,882.7,486418
09-Feb-15,903,915.7,891.95,897.3,441242
06-Feb-15,925.7,930.15,904,910.45,302154
05-Feb-15,932.5,938.6,918.15,922.35,333040
04-Feb-15,939.4,943.1,925.7,928.7,399472
03-Feb-15,912.5,940.2,911.3,937.45,432764
02-Feb-15,915.15,919.35,906,907.9,845402
30-Jan-15,930.05,932,910,915.35,242053
29-Jan-15,906,934.25,902,927.9,550069
28-Jan-15,885.1,909.75,885,905.85,398082
27-Jan-15,890.2,896.9,880.9,888.75,360069
23-Jan-15,890,896.9,877.45,886.95,405448
22-Jan-15,905.2,906.95,879.35,884.1,425122
21-Jan-15,904,909.2,892.3,904.65,358347
20-Jan-15,882.8,903.75,878.6,901.15,397727
19-Jan-15,870,885.75,859.05,879.85,460462
16-Jan-15,861,874.05,852.15,869,394114
15-Jan-15,841.25,870.2,841.1,864.6,574183
14-Jan-15,843.1,846.9,831.1,835.05,669183
13-Jan-15,852.75,854.45,840.65,843.05,426946
12-Jan-15,862.5,863,842.35,850.55,503008
09-Jan-15,846.15,862.5,845.1,860.45,510671
08-Jan-15,859.85,862.95,841.7,842.85,787134
07-Jan-15,838.7,858.8,837.2,855.4,660342
06-Jan-15,872,872,832.1,836.1,975422
05-Jan-15,885.55,890.9,875.3,877.1,328788
02-Jan-15,888.8,896,884,885.6,260835
01-Jan-15,885.5,892.15,884.2,888.05,181432
31-Dec-14,880.25,893.8,879.55,891.15,328465
30-Dec-14,898.4,898.5,877.65,880.6,439874
29-Dec-14,888.5,900.5,886.6,897,403990
26-Dec-14,887.8,892.7,880.25,889,245823
24-Dec-14,895,896.6,881.65,886.8,671806
23-Dec-14,903.4,903.95,892.05,893.9,276109
22-Dec-14,903.2,906.45,891.05,904.5,214829
19-Dec-14,886.8,908.6,882.4,900.15,475639
18-Dec-14,880,885.25,865.25,880.25,534436
17-Dec-14,866.8,874.95,864.55,869.95,696533
16-Dec-14,875.5,883,859.95,864.1,924850
15-Dec-14,876.2,880.9,872.4,878.45,444704
12-Dec-14,908,911.45,880.85,883.55,773309
11-Dec-14,930,930,903.2,906.3,591530
10-Dec-14,932,940.9,930,932.05,232415
09-Dec-14,942.4,950.05,931.4,939.3,274350
08-Dec-14,962.3,962.9,942.6,945.05,241942
05-Dec-14,961,966.8,955.5,957.7,267932
04-Dec-14,968.35,974.35,956.1,958.55,200289
03-Dec-14,960.9,973.6,960.9,966.2,287427
02-Dec-14,964.4,970.9,958.35,962.5,271500
01-Dec-14,989.4,991.7,959.2,961.75,358056
28-Nov-14,989.25,1016.2,983.55,990.85,686126
27-Nov-14,990,992.95,983.25,987.15,121260
26-Nov-14,993,993,982.5,987.35,231957
25-Nov-14,985,994.9,974,992.35,411139
24-Nov-14,1000,1003.15,982,984.6,240475
21-Nov-14,980.9,999.9,980,997.45,330633
20-Nov-14,977.8,982.9,970.2,980.4,146371
19-Nov-14,987.75,991.8,976.25,977.8,128947
18-Nov-14,986.35,997.5,985.5,987.75,222641
17-Nov-14,969,985,966.95,983.35,194004
14-Nov-14,970.05,977.5,965,969.15,222877
13-Nov-14,975.7,979.8,964.15,968.75,254053
12-Nov-14,982,984,970,973.9,202968
11-Nov-14,972.4,987.2,967,977.75,250283
10-Nov-14,982.35,989.1,968.1,969.5,221127
07-Nov-14,991,995.5,978.5,980.9,206131
05-Nov-14,1001.2,1008,988,991.35,347541
03-Nov-14,1002,1008.5,990.55,1001.2,312737
31-Oct-14,982,1002.7,981.9,999.2,448775
30-Oct-14,948.4,981.45,948.3,979.3,516949
29-Oct-14,938,952.4,934,951.3,339976
28-Oct-14,944,944,927,934.05,320360
27-Oct-14,959.2,960.9,937.65,941.7,441903
23-Oct-14,949,954.5,949,952.95,108618
22-Oct-14,936.7,950.9,933.65,945.95,297438
21-Oct-14,936.1,937,927.1,929.15,675337
20-Oct-14,937.55,941.8,912.75,934.5,652730
17-Oct-14,935,941,925.6,938.15,328961
16-Oct-14,954.6,956.8,928.45,932.35,746585
14-Oct-14,979.8,980,959.15,961.1,408844
13-Oct-14,961,964,948.8,957.85,337956
10-Oct-14,948.9,968.35,936.95,960.3,426404
09-Oct-14,940.4,957.2,940,954.65,329224
08-Oct-14,923.6,942,922.1,937.15,347379
07-Oct-14,928.9,934.9,923.7,926.65,303341
01-Oct-14,944.8,945.1,925.75,926.8,242980
30-Sep-14,930,948.25,925.2,945.35,464546
29-Sep-14,938.4,942.6,929.75,932.75,340521
26-Sep-14,929.5,941.4,918.1,933.6,566670
25-Sep-14,965.4,970,923,929.4,550817
24-Sep-14,974,974,956.25,964.9,389903
23-Sep-14,991.7,994.95,963,966.1,379681
22-Sep-14,994,996,987.85,991.1,230827
19-Sep-14,1005.75,1015.25,991,994.6,232723
18-Sep-14,987,1009,983.2,1004.5,204927
17-Sep-14,985.7,990,980,988,143040
16-Sep-14,1002.4,1004.5,978,980.45,338742
15-Sep-14,1009.9,1011.15,1001,1002.85,166076
12-Sep-14,1018,1024.1,1012,1015.7,184960
11-Sep-14,1020.5,1022.2,1008,1018.75,151254
10-Sep-14,1030,1030,1013.1,1016,157636
09-Sep-14,1035.8,1049.9,1028.5,1033.3,187659
08-Sep-14,1030.55,1039,999,1037.45,335716
05-Sep-14,1023.35,1033.35,1020.8,1025.2,193489
04-Sep-14,1029.4,1033.55,1018.05,1024.1,180369
03-Sep-14,1027,1034.9,1021,1030.95,345680
02-Sep-14,1016.35,1031.5,1011.15,1023.9,310537
01-Sep-14,1003.15,1020.6,996.3,1014.15,354073
28-Aug-14,995,1002.95,994.5,999.25,197341
27-Aug-14,998.8,1002,988,994.35,197147
26-Aug-14,996,997.2,984.25,994.05,445035
25-Aug-14,1000,1008.6,994,996.35,177533
22-Aug-14,998.65,1006.8,995.4,998,144452
21-Aug-14,1000,1003.75,991,994.85,250427
20-Aug-14,1011.35,1018.4,995.15,998.2,479714
19-Aug-14,1016.4,1023.25,1006.25,1008.7,183861
18-Aug-14,1000,1015,998.1,1013.25,181870
14-Aug-14,992.35,1004.3,992,1001.9,225355
13-Aug-14,983.95,996.5,980.85,990,352167
12-Aug-14,983,986,976.2,984.5,160120
11-Aug-14,984,987.45,978.55,980.65,299741
08-Aug-14,980.6,983.7,973.1,980.4,376351
07-Aug-14,989,996.5,984,989.35,343166
06-Aug-14,985.2,997.85,980,987.75,281413
05-Aug-14,986,987.2,971.6,983.6,339886
04-Aug-14,981.6,989.4,976.85,985.2,226378
01-Aug-14,998.4,999.3,977,978.45,411936
31-Jul-14,1009,1019.3,1002.6,1006,230928
30-Jul-14,1006.2,1011,993,1005.5,260932
28-Jul-14,1023.8,1023.8,1002.25,1005.3,252394
25-Jul-14,1040,1041.85,1008,1021.75,312250
24-Jul-14,1030,1042.5,1024,1040.75,305233
23-Jul-14,1035.35,1039.15,1020.25,1033.05,322420
22-Jul-14,1004.8,1034,1001.05,1030.8,616584
21-Jul-14,1000,1007.75,995,997.35,427241
18-Jul-14,982,984,970.2,976.7,239988
17-Jul-14,989,997.5,980.2,982.35,230426
16-Jul-14,975.4,991.5,975,989.05,290659
15-Jul-14,967.6,979.9,963,972.2,313436
14-Jul-14,970,975.7,959,961.85,325760
11-Jul-14,997.6,1001.45,963.85,967,607230
10-Jul-14,1000,1020.75,982,998.2,569660
09-Jul-14,999.5,1009.4,993.05,1000.05,373720
08-Jul-14,1027,1034.45,991,995.15,581884
07-Jul-14,1034.9,1037,1020.55,1026.4,306674
04-Jul-14,1008.8,1036.8,1004.15,1031.95,391069
03-Jul-14,1019,1023,977,1007.1,114697
02-Jul-14,1018,1026.4,1011.9,1018.2,375278
01-Jul-14,1016,1021,1006.1,1008,324423
30-Jun-14,1013.2,1019.4,1000.1,1014.7,489753
27-Jun-14,1010.7,1023,1007.65,1013.05,260952
26-Jun-14,1026,1026.8,1008.1,1011.95,611254
25-Jun-14,1058.6,1060,1048.6,1050.8,227615
24-Jun-14,1046,1062.7,1046,1059.65,311285
23-Jun-14,1030.15,1045.1,1024.4,1038.7,422613
20-Jun-14,1046,1049.7,1035.2,1037.85,319437
19-Jun-14,1071.25,1076,1031.85,1041.4,700024
18-Jun-14,1095,1101.95,1061.55,1066.8,732455
17-Jun-14,1059.7,1094.65,1058,1089.9,355737
16-Jun-14,1082.1,1085,1059,1064.5,308534
13-Jun-14,1101.5,1106.95,1072.4,1081.95,305472
12-Jun-14,1099.6,1112.95,1086.05,1094.6,287988
11-Jun-14,1115.6,1119,1093.25,1101.55,351978
10-Jun-14,1126.65,1128.15,1101,1117.85,304537
09-Jun-14,1129.15,1132.1,1113.1,1122.6,376007
06-Jun-14,1110,1132.8,1105,1119.85,743665
05-Jun-14,1080.85,1094.7,1064.15,1087.6,410266
04-Jun-14,1096,1101.5,1075.8,1077.9,275837
03-Jun-14,1086,1101.9,1077.65,1094.75,242467
02-Jun-14,1073.15,1087.9,1065.55,1082.35,195238
30-May-14,1083.15,1089.6,1062,1065.15,221332
29-May-14,1090.15,1093.9,1069.15,1073.05,210514
28-May-14,1092.4,1106,1084.95,1088.55,227221
27-May-14,1105,1106,1076.05,1087.75,284460
26-May-14,1135,1140,1076.05,1101,420263
23-May-14,1109,1131,1102,1127.85,370212
22-May-14,1085.9,1113.5,1085,1101.3,397029
21-May-14,1080,1102.65,1074,1078.1,419241
20-May-14,1125,1130,1075,1078.5,547984
19-May-14,1086,1124.4,1086,1120.25,549611
16-May-14,1081.15,1142.5,1063,1080.5,2062948
15-May-14,1045,1058.85,1040,1053.2,487277
14-May-14,1062.7,1067,1041.55,1045.55,465719
13-May-14,1037.1,1065.9,1032.85,1061.35,1005312
12-May-14,997.45,1048,995,1028.95,1003419
09-May-14,957.9,999,956.7,997.35,656987
08-May-14,962.15,969.95,950.95,959.65,446696
07-May-14,962,971,957,960.75,421824
06-May-14,948,967,948,963.25,676041
05-May-14,930,957.65,925,945.2,383232
02-May-14,941,947.3,925.5,928.3,177539
30-Apr-14,945,960,930,935.3,257319
29-Apr-14,948,951.8,938.35,940.3,215499
28-Apr-14,947.9,955.4,942.15,945.35,126355
25-Apr-14,967.25,968,945,947.4,238728
23-Apr-14,970,976.9,965,966.85,299956
22-Apr-14,960,988.9,956.9,968.35,638261
21-Apr-14,968.15,970,956,959.45,499487
17-Apr-14,945,962.8,944.4,958.75,354067
16-Apr-14,940.2,959,938.2,941.05,225536
15-Apr-14,953.75,953.75,936.95,948.5,971549
11-Apr-14,966.8,970.6,950.3,952.85,265219
10-Apr-14,961.2,972.9,961.2,968.8,614665
09-Apr-14,936.8,964.85,936.8,961.1,264649
07-Apr-14,944,954.9,934.9,944.05,105680
04-Apr-14,950.15,952.6,942.1,944.2,241610
03-Apr-14,955.6,962.2,940.75,951.95,245107
02-Apr-14,945,959.8,938.55,956.95,499556
01-Apr-14,935.05,944.35,930.1,941.15,497647
31-Mar-14,917.25,939.3,914.1,929.5,407524
28-Mar-14,899.6,919.3,899.6,914.15,484239
27-Mar-14,895,904.45,892.75,902.15,1072201
26-Mar-14,881.8,902.65,881.8,890.2,368133
25-Mar-14,879,882.95,872.6,878.65,560413
24-Mar-14,892,908,892,904.6,352885
22-Mar-14,887.35,891,884,888.3,29279
21-Mar-14,906.25,913.7,882.55,885.75,335182
20-Mar-14,902.6,906.7,898,905.7,276617
19-Mar-14,899,909.9,895.55,902.15,283164
18-Mar-14,890,908.8,888.8,895.35,501653
14-Mar-14,872,889.9,869.75,886.1,240035
13-Mar-14,874.05,894.8,873.9,879.1,562055
12-Mar-14,873.15,882.35,867.1,871.15,197819
11-Mar-14,884.7,887.9,872.6,874.95,264306
10-Mar-14,864.7,902.4,863,885.8,924275
07-Mar-14,825,873.8,825,869,792232
06-Mar-14,809.35,824.4,809.35,822,256000
05-Mar-14,815.9,817.85,805,806.9,193440
04-Mar-14,804,816.55,803,814.6,287177
03-Mar-14,800,806,798,803.5,245230
28-Feb-14,811.95,814,794,799.25,329037
26-Feb-14,812.75,816.5,808.25,810.55,168039
25-Feb-14,814.55,816.25,807.8,810.4,160983
24-Feb-14,810,814.5,805.75,812.4,177349
21-Feb-14,808,815.95,806.2,811.3,161023
20-Feb-14,811,813.75,803.4,805.35,186495
19-Feb-14,813.6,819.95,810.5,812.55,135824
18-Feb-14,809.7,817.9,809,812.75,442705
17-Feb-14,820.9,822.15,807.6,811.45,174227
14-Feb-14,810.35,822.9,809,821.5,171161
13-Feb-14,818,818.75,805.75,807.45,158794
12-Feb-14,807,821.85,807,817.45,250224
11-Feb-14,823.65,824.25,803,805.5,291076
10-Feb-14,816,825.6,811.9,821.6,183869
07-Feb-14,824.6,824.6,811.4,814.3,229640
06-Feb-14,820.15,824,809,815.85,241344
05-Feb-14,823,823,808,816.15,291700
04-Feb-14,815,826.25,813.25,822,211151
03-Feb-14,829,829.4,820,821.3,132722
31-Jan-14,829,833.8,827.1,830.85,183084
30-Jan-14,831.9,834.2,823,825.7,234420
29-Jan-14,851,852,835.1,836.75,178722
28-Jan-14,846,855,844.2,845.8,165516
27-Jan-14,856.7,860.55,840.1,842.8,235405
24-Jan-14,863.2,874.5,862.35,867,224954
23-Jan-14,861,871,861,866.05,171189
22-Jan-14,862.6,875.7,859,872.2,216662
21-Jan-14,873.25,874.8,862.85,864.05,210843
20-Jan-14,884.55,888.85,866.2,869.5,388776
17-Jan-14,889,896.8,880.75,884.55,300986
16-Jan-14,889.7,891.95,882,885.15,179210
15-Jan-14,880,894.9,880,885.4,275537
14-Jan-14,877.35,884.8,872.8,881.1,227410
13-Jan-14,865.1,881.55,865.1,879,318041
10-Jan-14,848.45,874.7,848.45,856.9,429346
09-Jan-14,850,853.1,844.95,850.55,229110
08-Jan-14,845.4,856.5,844.6,848.25,216715
07-Jan-14,855.5,859.75,840.2,842.15,300307
06-Jan-14,864,864,851.35,854.9,237379
03-Jan-14,870.2,873.45,856.4,865,280060
